Cluster,Income,Credit_Score,Loan_Amount,Monthly_Cashflow,Balance_Volatility,Missed_Payments
0,65787.68144044321,643.9308830484426,578125.811634349,24205.653266671172,0.5578319032497804,4.852645091547869
1,66987.10184743337,644.0525598200286,593551.2337582657,24803.910491512714,0.48486672574817646,1.1663371736314678
2,123983.26317392629,677.085135546756,1217509.619402985,50498.85881815413,0.5225296984465427,2.9954310082241853
3,39232.0042967631,591.2030936694357,327224.14157834434,13817.50723288456,0.5321168719564594,2.953953022056717
