Risk_Segment,Default
Critical Risk,48.31430308762921
High Risk,32.059092293633874
Low Risk,24.22114663576249
Medium Risk,53.057863076482384
