Risk_Segment,Profit
Critical Risk,-190338.38129248025
High Risk,-200181.44625647273
Low Risk,-53515.451477264985
Medium Risk,-110835.21926955027
