Acquisition_Channel,Customer_LTV,Profit,Default
Google Ads,77814.90005502751,-128436.41804702353,40.98049024512257
Instagram,76738.25339541404,-129831.33634524881,40.40252328026435
Organic,77354.26747422163,-127462.14679747721,39.493442787065774
Partner,77237.58347712418,-131070.65283760685,41.126194067370534
Referral,76920.41680483935,-129635.69376636256,40.18246727489092
