Loan_Type,Loan_Amount,Profit,Expected_Loss,Default
Auto Loan,5949169380,-1293391220.27,2247307838.9,40.45732624611373
Business Loan,5995163435,-1292056571.22,2254634117.3,40.3318759936407
Education Loan,5968272631,-1299134992.17,2254783983.5,40.34754818735644
Home Loan,6080082886,-1321676658.92,2295058690.15,40.77265973254086
Personal Loan,5834480928,-1258051474.65,2193111389.3,40.26580095363701
