,Age,Income,Years_Employed,Credit_Score,Loan_Amount,Interest_Rate,Tenure,EMI,Monthly_Cashflow,Average_Balance,Balance_Volatility,Transaction_Count,Spending_Shock,Missed_Payments,Days_Past_Due,Partial_Payments,EMIs_Paid,Customer_Acquisition_Cost,Customer_LTV,Default,Default_Probability,Expected_Loss,Profit
count,50000.0,50000.0,50000.0,50000.0,50000.0,50000.0,50000.0,50000.0,50000.0,50000.0,50000.0,50000.0,50000.0,50000.0,50000.0,50000.0,50000.0,50000.0,50000.0,50000.0,50000.0,50000.0,50000.0
mean,43.0542,66365.34168,12.491,633.59458,596543.3852,16.6161174,54.85728,22589.334602600004,24932.7923,198588.90648,0.5246078,155.35116,0.4988978,2.997,89.90198,2.00106,27.55848,2752.0723914,77212.597825,0.40436,0.40492100000000003,224897.920383,-129286.2183446
std,12.978737662524283,31422.266014712,7.500933560570018,41.26872758858862,378933.60256199376,3.03855732215623,34.4613200944661,22028.035352845363,15199.96959000351,126375.41936351627,0.27424226216162806,83.99081340116379,0.2886324952764442,1.9995276847843955,52.52939366510503,1.4128902298395412,25.780376115282973,1299.4225281604922,41958.32698042244,0.49077266382323204,0.18009659201286707,161192.28780409155,124844.30005550955
min,21.0,8026.0,0.0,500.0,39755.0,11.0,12.0,750.07,1586.0,13856.0,0.05,10.0,0.0,0.0,0.0,0.0,0.0,500.13,5000.96,0.0,0.05,4889.35,-1484827.03
25%,32.0,44294.5,6.0,605.0,324791.5,14.66,24.0,9166.1325,14108.75,108091.5,0.29,82.0,0.25,1.0,44.0,1.0,8.0,1628.0149999999999,40739.045,0.0,0.3,109321.5,-188249.8425
50%,43.0,60009.0,12.0,634.0,510143.5,16.19,48.0,15650.965,21441.0,169698.5,0.52,156.0,0.5,3.0,90.0,2.0,20.0,2745.52,77091.965,0.0,0.45,187426.375,-105232.145
75%,54.0,81229.25,19.0,663.0,769596.75,17.7,84.0,27401.135000000002,31885.0,256010.5,0.76,228.0,0.75,5.0,136.0,3.0,39.0,3882.5525000000002,113666.7675,1.0,0.5,298734.1375,-46085.1325
max,65.0,449364.0,25.0,740.0,5005149.0,25.0,120.0,336221.83,188886.0,1534222.0,1.0,300.0,1.0,6.0,180.0,4.0,120.0,4999.92,149997.63,1.0,0.85,2126650.0,413425.31
